Category,Rating,Reviews,Size,Installs,Type,Price,Content Rating,Genres
ENTERTAINMENT,5,5456208,Varies with device,"100,000,000+",paid,3,Teen,Entertainment
ENTERTAINMENT,4,11656,4.5M,"1,000,000+",paid,3,Everyone,Entertainment
ENTERTAINMENT,5,28948,Varies with device,"1,000,000+",paid,3,Teen,Entertainment
ENTERTAINMENT,5,296771,11M,"10,000,000+",paid,3,Teen,Entertainment
ENTERTAINMENT,5,470089,Varies with device,"50,000,000+",paid,3,Everyone,Music
ENTERTAINMENT,4,10939,4.6M,"10,000,000+",paid,3,Everyone,Entertainment
ENTERTAINMENT,5,98509,Varies with device,"5,000,000+",paid,3,Everyone,Entertainment
ENTERTAINMENT,4,5241,Varies with device,"5,000,000+",paid,3,Everyone,Entertainment
ENTERTAINMENT,5,10291,6.5M,"5,000,000+",paid,3,Teen,Entertainment
ENTERTAINMENT,5,7165362,Varies with device,"1,000,000,000+",paid,3,Teen,Entertainment
ENTERTAINMENT,5,4885646,Varies with device,"100,000,000+",paid,3,Teen,Entertainment
ENTERTAINMENT,5,141980,Varies with device,"5,000,000+",paid,3,Teen,Entertainment
ENTERTAINMENT,4,6979,12M,"1,000,000+",paid,3,Everyone,Entertainment
ENTERTAINMENT,4,46618,Varies with device,"5,000,000+",paid,3,Teen,Entertainment
ENTERTAINMENT,5,103078,5.6M,"5,000,000+",paid,3,Everyone,Entertainment
ENTERTAINMENT,5,17682,9.7M,"1,000,000+",paid,3,Everyone,Entertainment
ENTERTAINMENT,5,37000,15M,"1,000,000+",paid,0,Mature 17+,Entertainment
ENTERTAINMENT,4,175528,Varies with device,"10,000,000+",paid,0,Everyone,Entertainment
ENTERTAINMENT,4,1828284,52M,"100,000,000+",paid,0,Everyone,Entertainment
ENTERTAINMENT,4,34923,Varies with device,"5,000,000+",paid,2,Teen,Entertainment
ENTERTAINMENT,5,684116,Varies with device,"10,000,000+",paid,2,Teen,Entertainment
ENTERTAINMENT,5,46916,4.5M,"1,000,000+",paid,2,Everyone,Entertainment
ENTERTAINMENT,5,407698,Varies with device,"10,000,000+",paid,2,Teen,Entertainment
ENTERTAINMENT,5,702975,49M,"50,000,000+",paid,2,Everyone,Entertainment
ENTERTAINMENT,5,32458,18M,"5,000,000+",paid,2,Everyone,Entertainment
ENTERTAINMENT,5,235496,13M,"10,000,000+",paid,2,Everyone,Brain 
ENTERTAINMENT,5,11661,4.0M,"1,000,000+",paid,2,Everyone,Entertainment
ENTERTAINMENT,5,653008,16M,"10,000,000+",paid,2,Everyone,Entertainment
ENTERTAINMENT,5,23063,17M,"1,000,000+",paid,2,Everyone,Brain 
ENTERTAINMENT,4,87384,Varies with device,"10,000,000+",paid,2,Everyone,Entertainment
ENTERTAINMENT,5,411683,24M,"50,000,000+",paid,2,Teen,Entertainment
ENTERTAINMENT,5,8918,Varies with device,"1,000,000+",paid,2,Everyone,Creativity
ENTERTAINMENT,5,501498,12M,"100,000,000+",paid,2,Teen,Entertainment
ENTERTAINMENT,5,2133296,Varies with device,"50,000,000+",paid,2,Teen,Entertainment
ENTERTAINMENT,5,29690,78M,"1,000,000+",paid,2,Teen,Entertainment
ENTERTAINMENT,5,130549,Varies with device,"5,000,000+",paid,0,Teen,Entertainment
ENTERTAINMENT,5,613059,25M,"50,000,000+",paid,0,Everyone,Entertainment
ENTERTAINMENT,5,1633682,57M,"100,000,000+",paid,0,Everyone,Entertainment
ENTERTAINMENT,5,42050,Varies with device,"1,000,000+",paid,0,Teen,Entertainment
ENTERTAINMENT,4,2646,9.1M,"100,000+",paid,1,Teen,Entertainment
ENTERTAINMENT,5,21867,39M,"1,000,000+",paid,1,Teen,Entertainment
ENTERTAINMENT,5,32732,Varies with device,"1,000,000+",paid,1,Everyone,Entertainment
ENTERTAINMENT,5,653008,16M,"10,000,000+",paid,1,Everyone,Entertainment
ENTERTAINMENT,5,243747,Varies with device,"10,000,000+",paid,1,Teen,Entertainment
ENTERTAINMENT,4,2639,8.5M,"100,000+",paid,1,Everyone,Entertainment
ENTERTAINMENT,5,1511,12M,"100,000+",paid,1,Everyone,Entertainment
ENTERTAINMENT,5,44550,72M,"1,000,000+",paid,1,Everyone,Entertainment
ENTERTAINMENT,5,501497,12M,"100,000,000+",paid,1,Teen,Entertainment
ENTERTAINMENT,5,5456208,Varies with device,"100,000,000+",paid,1,Teen,Entertainment
ENTERTAINMENT,5,7813,Varies with device,"500,000+",paid,1,Teen,Entertainment
ENTERTAINMENT,5,1033,16M,"100,000+",paid,1,Teen,Entertainment
ENTERTAINMENT,5,2442,9.6M,"100,000+",paid,1,Teen,Entertainment
ENTERTAINMENT,4,15254,Varies with device,"1,000,000+",paid,1,Teen,Entertainment
ENTERTAINMENT,5,155234,22M,"1,000,000+",paid,1,Teen,Entertainment
ENTERTAINMENT,4,310066,Varies with device,"10,000,000+",paid,1,Teen,Entertainment
ENTERTAINMENT,5,12216,13M,"1,000,000+",paid,1,Teen,Entertainment
ENTERTAINMENT,4,388089,Varies with device,"10,000,000+",paid,1,Teen,Entertainment
ENTERTAINMENT,4,92058,12M,"10,000,000+",paid,1,Teen,Entertainment
ENTERTAINMENT,5,88185,Varies with device,"10,000,000+",paid,1,Mature 17+,Entertainment
ENTERTAINMENT,3,493,23M,"50,000+",paid,1,Everyone,Entertainment
ENTERTAINMENT,5,33387,20M,"1,000,000+",paid,1,Teen,Entertainment
ENTERTAINMENT,5,27424,17M,"1,000,000+",paid,0,Teen,Entertainment
ENTERTAINMENT,4,60841,Varies with device,"5,000,000+",paid,0,Teen,Entertainment
ENTERTAINMENT,4,29706,19M,"1,000,000+",paid,0,Teen,Entertainment
ENTERTAINMENT,5,288150,21M,"5,000,000+",paid,0,Teen,Entertainment
ENTERTAINMENT,5,14807,19M,"1,000,000+",paid,0,Teen,Entertainment
ENTERTAINMENT,4,319692,Varies with device,"10,000,000+",paid,0,Teen,Entertainment
ENTERTAINMENT,4,61201,Varies with device,"10,000,000+",paid,0,Teen,Entertainment
ENTERTAINMENT,4,22998,Varies with device,"1,000,000+",paid,0,Teen,Entertainment
ENTERTAINMENT,5,12398,Varies with device,"1,000,000+",paid,0,Teen,Entertainment
ENTERTAINMENT,4,35928,19M,"1,000,000+",paid,0,Teen,Entertainment
ENTERTAINMENT,5,64448,4.4M,"1,000,000+",paid,0,Mature 17+,Entertainment
ENTERTAINMENT,4,22378,19M,"1,000,000+",Free,0,Teen,Entertainment
ENTERTAINMENT,5,501498,12M,"100,000,000+",Free,0,Teen,Entertainment
ENTERTAINMENT,5,5456599,Varies with device,"100,000,000+",Free,0,Teen,Entertainment
ENTERTAINMENT,5,296829,11M,"10,000,000+",Free,0,Teen,Entertainment
ENTERTAINMENT,4,310095,Varies with device,"10,000,000+",Free,0,Teen,Entertainment
ENTERTAINMENT,5,88185,Varies with device,"10,000,000+",Free,0,Mature 17+,Entertainment
ENTERTAINMENT,4,388089,Varies with device,"10,000,000+",Free,0,Teen,Entertainment
ENTERTAINMENT,4,92058,12M,"10,000,000+",Free,0,Teen,Entertainment
ENTERTAINMENT,4,319691,Varies with device,"10,000,000+",Free,0,Teen,Entertainment
ENTERTAINMENT,4,60841,Varies with device,"5,000,000+",Free,0,Teen,Entertainment
ENTERTAINMENT,5,288150,21M,"5,000,000+",Free,0,Teen,Entertainment
ENTERTAINMENT,5,16372,13M,"500,000+",Free,0,Teen,Entertainment
ENTERTAINMENT,5,58028,17M,"5,000,000+",Free,0,Teen,Entertainment
ENTERTAINMENT,5,33387,20M,"1,000,000+",Free,0,Teen,Entertainment
ENTERTAINMENT,4,61201,Varies with device,"10,000,000+",Free,0,Teen,Entertainment
ENTERTAINMENT,5,736864,20M,"10,000,000+",Free,0,Teen,Entertainment
ENTERTAINMENT,4,29706,19M,"1,000,000+",Free,0,Teen,Entertainment
ENTERTAINMENT,5,27424,17M,"1,000,000+",Free,0,Teen,Entertainment
ENTERTAINMENT,4,1968,21M,"500,000+",Free,0,Everyone,Music
ENTERTAINMENT,4,35279,15M,"1,000,000+",Free,0,Teen,Entertainment
ENTERTAINMENT,4,35931,19M,"1,000,000+",Free,0,Teen,Entertainment
ENTERTAINMENT,5,14807,19M,"1,000,000+",Free,0,Teen,Entertainment
ENTERTAINMENT,4,87723,32M,"10,000,000+",Free,0,Teen,Entertainment
ENTERTAINMENT,4,18523,Varies with device,"1,000,000+",Free,0,Teen,Entertainment
ENTERTAINMENT,5,182103,Varies with device,"10,000,000+",Free,0,Everyone,Music
ENTERTAINMENT,4,197774,44M,"10,000,000+",Free,0,Mature 17+,Entertainment
ENTERTAINMENT,4,8674,19M,"1,000,000+",Free,0,Teen,Entertainment
ENTERTAINMENT,5,5456708,Varies with device,"100,000,000+",Free,0,Teen,Entertainment
ENTERTAINMENT,5,296771,11M,"10,000,000+",Free,0,Teen,Entertainment
ENTERTAINMENT,4,58082,Varies with device,"10,000,000+",Free,0,Teen,Entertainment
ENTERTAINMENT,4,388089,Varies with device,"10,000,000+",Free,0,Teen,Entertainment
ENTERTAINMENT,4,310066,Varies with device,"10,000,000+",Free,0,Teen,Entertainment
ENTERTAINMENT,5,88185,Varies with device,"10,000,000+",Free,0,Mature 17+,Entertainment
ENTERTAINMENT,4,319691,Varies with device,"10,000,000+",Free,0,Teen,Entertainment
ENTERTAINMENT,5,7813,Varies with device,"500,000+",Free,0,Teen,Entertainment
ENTERTAINMENT,4,60841,Varies with device,"5,000,000+",Free,0,Teen,Entertainment
ENTERTAINMENT,5,653008,16M,"10,000,000+",Free,0,Everyone,Entertainment
ENTERTAINMENT,4,27424,Varies with device,"1,000,000+",Free,0,Teen,Entertainment
ENTERTAINMENT,5,33387,20M,"1,000,000+",Free,0,Teen,Entertainment
ENTERTAINMENT,5,407719,Varies with device,"10,000,000+",Free,0,Teen,Entertainment
ENTERTAINMENT,5,288150,21M,"5,000,000+",Free,0,Teen,Entertainment
ENTERTAINMENT,5,115033,30M,"10,000,000+",Free,0,Everyone,Entertainment
ENTERTAINMENT,4,22997,Varies with device,"1,000,000+",Free,0,Teen,Entertainment
ENTERTAINMENT,4,61201,Varies with device,"10,000,000+",Free,0,Teen,Entertainment
ENTERTAINMENT,4,801,57M,"100,000+",Free,0,Teen,Entertainment
ENTERTAINMENT,4,29706,19M,"1,000,000+",Free,0,Teen,Entertainment
ENTERTAINMENT,5,27424,17M,"1,000,000+",Free,0,Teen,Entertainment
ENTERTAINMENT,5,12398,Varies with device,"1,000,000+",Free,0,Teen,Entertainment
ENTERTAINMENT,4,35279,15M,"1,000,000+",Free,0,Teen,Entertainment
ENTERTAINMENT,4,35931,19M,"1,000,000+",Free,0,Teen,Entertainment
ENTERTAINMENT,4,22378,19M,"1,000,000+",Free,0,Teen,Entertainment
ENTERTAINMENT,5,14807,19M,"1,000,000+",Free,0,Teen,Entertainment
ENTERTAINMENT,4,197774,44M,"10,000,000+",Free,0,Mature 17+,Entertainment
ENTERTAINMENT,4,8674,19M,"1,000,000+",Free,0,Teen,Entertainment
ENTERTAINMENT,5,8968,35M,"1,000,000+",Free,0,Everyone,Music
ENTERTAINMENT,5,303,44M,"10,000+",Free,0,Teen,Entertainment
ENTERTAINMENT,5,407719,Varies with device,"10,000,000+",Free,0,Teen,Entertainment
ENTERTAINMENT,5,732,Varies with device,"100,000+",Free,0,Everyone,Music
ENTERTAINMENT,5,1856,20M,"100,000+",Free,0,Teen,Entertainment
ENTERTAINMENT,5,50725,19M,"5,000,000+",Free,0,Everyone,Entertainment
ENTERTAINMENT,5,243747,Varies with device,"10,000,000+",Free,0,Teen,Entertainment
ENTERTAINMENT,5,1575,43M,"100,000+",Free,0,Everyone,Entertainment
ENTERTAINMENT,5,6238,Varies with device,"100,000+",paid,5,Everyone,Entertainment
ENTERTAINMENT,4,9941,Varies with device,"1,000,000+",Free,0,Teen,Entertainment
ENTERTAINMENT,5,23666,3.6M,"1,000,000+",Free,0,Teen,Entertainment
ENTERTAINMENT,5,67554,7.7M,"1,000,000+",Free,0,Teen,Entertainment
ENTERTAINMENT,5,38769,44M,"1,000,000+",Free,0,Mature 17+,Entertainment
ENTERTAINMENT,5,160164,12M,"10,000,000+",Free,0,Teen,Entertainment
ENTERTAINMENT,5,3771,53M,"100,000+",paid,5,Mature 17+,Entertainment
ENTERTAINMENT,5,256664,77M,"10,000,000+",Free,0,Everyone,Entertainment
ENTERTAINMENT,5,787177,Varies with device,"10,000,000+",Free,0,Everyone,Entertainment
SOCIAL,5,78158306,Varies with device,"1,000,000,000+",Free,0,Teen,Social
SOCIAL,5,66577313,Varies with device,"1,000,000,000+",Free,0,Teen,Social
SOCIAL,5,8606259,Varies with device,"500,000,000+",Free,0,Teen,Social
SOCIAL,5,49173,4.0M,"10,000,000+",Free,0,Everyone,Social
SOCIAL,5,2955326,Varies with device,"100,000,000+",Free,0,Mature 17+,Social
SOCIAL,5,22492,1.5M,"1,000,000+",Free,0,Everyone,Social
SOCIAL,4,17014787,Varies with device,"500,000,000+",Free,0,Teen,Social
SOCIAL,5,1403,3.7M,"100,000+",Free,0,Everyone,Social
SOCIAL,5,4305441,Varies with device,"100,000,000+",Free,0,Teen,Social
SOCIAL,5,441189,Varies with device,"10,000,000+",Free,0,Everyone,Social
SOCIAL,5,4831125,Varies with device,"1,000,000,000+",Free,0,Teen,Social
SOCIAL,5,4919,2.8M,"1,000,000+",Free,0,Everyone,Social
SOCIAL,5,13762,3.9M,"1,000,000+",Free,0,Everyone,Social
SOCIAL,5,6086,3.1M,"1,000,000+",Free,0,Teen,Social
SOCIAL,5,70616,Varies with device,"5,000,000+",Free,0,Teen,Social
SOCIAL,5,1200,2.8M,"100,000+",Free,0,Everyone,Social
SOCIAL,5,76480,20M,"1,000,000+",Free,0,Mature 17+,Social
SOCIAL,5,271445,9.9M,"5,000,000+",Free,0,Everyone,Social
SOCIAL,5,225103,5.3M,"5,000,000+",Free,0,Everyone,Social
SOCIAL,5,33177,10M,"1,000,000+",Free,0,Everyone,Social
SOCIAL,5,54768,2.6M,"5,000,000+",Free,0,Everyone,Social
SOCIAL,5,457197,Varies with device,"10,000,000+",Free,0,Teen,Social
SOCIAL,5,25562,31M,"5,000,000+",Free,0,Teen,Social
SOCIAL,5,16404,2.3M,"1,000,000+",Free,0,Everyone,Social
SOCIAL,5,2508,6.0M,"500,000+",Free,0,Everyone,Social
SOCIAL,5,79658,17M,"5,000,000+",Free,0,Mature 17+,Social
SOCIAL,5,374,20M,"50,000+",Free,0,Everyone,Social
SOCIAL,5,1259075,62M,"10,000,000+",Free,0,Teen,Social
SOCIAL,5,4751,Varies with device,"1,000,000+",Free,0,Teen,Social
SOCIAL,5,60562,15M,"5,000,000+",Free,0,Mature 17+,Social
SOCIAL,5,22098,18M,"1,000,000+",Free,0,Everyone,Social
SOCIAL,5,231325,5.4M,"10,000,000+",Free,0,Everyone,Social
SOCIAL,4,13223,2.8M,"10,000,000+",Free,0,Mature 17+,Social
SOCIAL,4,479908,15M,"10,000,000+",Free,0,Mature 17+,Social
SOCIAL,5,313633,Varies with device,"10,000,000+",Free,0,Teen,Social
SOCIAL,5,540930,5.3M,"10,000,000+",Free,0,Teen,Social
SOCIAL,5,57146,Varies with device,"1,000,000+",Free,0,Everyone,Social
SOCIAL,5,1225339,Varies with device,"100,000,000+",Free,0,Everyone,Social
SOCIAL,5,19583,37M,"1,000,000+",Free,0,Teen,Social
SOCIAL,5,344921,Varies with device,"10,000,000+",Free,0,Everyone,Social
SOCIAL,5,79129,23M,"5,000,000+",Free,0,Teen,Social
SOCIAL,5,83488,Varies with device,"5,000,000+",Free,0,Everyone,Social
SOCIAL,5,441189,Varies with device,"10,000,000+",Free,0,Everyone,Social
SOCIAL,5,3781770,Varies with device,"100,000,000+",Free,0,Mature 17+,Social
SOCIAL,5,315441,Varies with device,"10,000,000+",Free,0,Everyone,Social
SOCIAL,5,382120,28M,"10,000,000+",Free,0,Everyone,Social
SOCIAL,5,412725,35M,"10,000,000+",Free,0,Everyone,Social
SOCIAL,5,3806669,Varies with device,"100,000,000+",Free,0,Mature 17+,Social
SOCIAL,5,1259849,76M,"50,000,000+",Free,0,Mature 17+,Social
SOCIAL,5,486824,Varies with device,"10,000,000+",Free,0,Mature 17+,Social
SOCIAL,5,1157004,34M,"50,000,000+",Free,0,Everyone,Social
SOCIAL,5,423105,Varies with device,"10,000,000+",Free,0,Mature 17+,Social
SOCIAL,5,205803,Varies with device,"5,000,000+",Free,0,Teen,Social
SOCIAL,5,285816,Varies with device,"10,000,000+",Free,0,Mature 17+,Social
SOCIAL,5,2955325,Varies with device,"100,000,000+",Free,0,Mature 17+,Social
SOCIAL,4,138026,2.7M,"5,000,000+",Free,0,Mature 17+,Social
SOCIAL,4,8936,Varies with device,"500,000+",Free,0,Everyone,Social
SOCIAL,4,4253,4.1M,"100,000+",Free,0,Teen,Social
SOCIAL,4,17014705,Varies with device,"500,000,000+",Free,0,Teen,Social
SOCIAL,5,66577446,Varies with device,"1,000,000,000+",Free,0,Teen,Social
SOCIAL,4,14835,Varies with device,"1,000,000+",Free,0,Teen,Social
SOCIAL,5,6388,Varies with device,"500,000+",Free,0,Teen,Social
SOCIAL,5,309872,85M,"10,000,000+",Free,0,Teen,Social
SOCIAL,4,479909,15M,"10,000,000+",Free,0,Mature 17+,Social
SOCIAL,5,17955,89M,"500,000+",Free,0,Teen,Social
SOCIAL,4,17015352,Varies with device,"500,000,000+",Free,0,Teen,Social
SOCIAL,5,66577313,Varies with device,"1,000,000,000+",Free,0,Teen,Social
SOCIAL,5,4305441,Varies with device,"100,000,000+",Free,0,Teen,Social
SOCIAL,5,51502,20M,"5,000,000+",Free,0,Teen,Social
SOCIAL,5,1064049,Varies with device,"50,000,000+",Free,0,Mature 17+,Social
SOCIAL,5,58341,9.3M,"1,000,000+",Free,0,Everyone,Social
SOCIAL,5,637309,Varies with device,"10,000,000+",Free,0,Teen,Social
SOCIAL,5,1259894,76M,"50,000,000+",Free,0,Mature 17+,Social
SOCIAL,5,1157003,34M,"50,000,000+",Free,0,Everyone,Social
SOCIAL,5,161610,16M,"5,000,000+",Free,0,Teen,Social
SOCIAL,4,19446,Varies with device,"1,000,000+",Free,0,Mature 17+,Social
SOCIAL,5,1225367,Varies with device,"100,000,000+",Free,0,Everyone,Social
SOCIAL,5,1520959,Varies with device,"10,000,000+",Free,0,Teen,Social
SOCIAL,5,3806669,Varies with device,"100,000,000+",Free,0,Mature 17+,Social
SOCIAL,5,423138,Varies with device,"10,000,000+",Free,0,Mature 17+,Social
SOCIAL,5,285820,Varies with device,"10,000,000+",Free,0,Mature 17+,Social
SOCIAL,4,33249,8.4M,"1,000,000+",Free,0,Everyone,Social
SOCIAL,5,3781770,Varies with device,"100,000,000+",Free,0,Mature 17+,Social
SOCIAL,5,51504,20M,"5,000,000+",Free,0,Teen,Social
SOCIAL,5,1175794,Varies with device,"50,000,000+",Free,0,Mature 17+,Social
SOCIAL,5,1259894,76M,"50,000,000+",Free,0,Mature 17+,Social
SOCIAL,4,852455,68M,"10,000,000+",Free,0,Mature 17+,Social
SOCIAL,5,900064,13M,"10,000,000+",Free,0,Mature 17+,Social
SOCIAL,4,3677,50M,"100,000+",Free,0,Mature 17+,Social
SOCIAL,5,79129,23M,"5,000,000+",Free,0,Teen,Social
SOCIAL,5,83488,Varies with device,"5,000,000+",Free,0,Everyone,Social
SOCIAL,5,695613,Varies with device,"50,000,000+",Free,0,Everyone,Social
SOCIAL,5,382121,28M,"10,000,000+",Free,0,Everyone,Social
SOCIAL,5,207712,Varies with device,"10,000,000+",Free,0,Everyone,Social
SOCIAL,5,175722,Varies with device,"10,000,000+",Free,0,Mature 17+,Social
SOCIAL,4,2052,7.0M,"100,000+",Free,0,Teen,Social
SOCIAL,5,79130,23M,"5,000,000+",Free,0,Teen,Social
SOCIAL,5,1175815,Varies with device,"50,000,000+",Free,0,Mature 17+,Social
SOCIAL,5,1259894,76M,"50,000,000+",Free,0,Mature 17+,Social
SOCIAL,5,486830,Varies with device,"10,000,000+",Free,0,Mature 17+,Social
SOCIAL,4,852455,68M,"10,000,000+",Free,0,Mature 17+,Social
SOCIAL,5,1064076,Varies with device,"50,000,000+",Free,0,Mature 17+,Social
SOCIAL,5,3781770,Varies with device,"100,000,000+",Free,0,Mature 17+,Social
SOCIAL,5,900064,13M,"10,000,000+",Free,0,Mature 17+,Social
SOCIAL,5,624557,56M,"10,000,000+",Free,0,Mature 17+,Social
SOCIAL,5,423138,Varies with device,"10,000,000+",Free,0,Mature 17+,Social
SOCIAL,5,522018,Varies with device,"10,000,000+",Free,0,Mature 17+,Social
SOCIAL,4,33249,8.4M,"1,000,000+",Free,0,Everyone,Social
SOCIAL,5,79130,23M,"5,000,000+",Free,0,Teen,Social
TRAVEL_AND_LOCAL,5,136626,14M,"10,000,000+",Free,0,Everyone,Travel 
TRAVEL_AND_LOCAL,5,219848,Varies with device,"50,000,000+",Free,0,Everyone,Travel 
TRAVEL_AND_LOCAL,5,52029,Varies with device,"5,000,000+",Free,0,Everyone,Travel 
TRAVEL_AND_LOCAL,5,49190,25M,"1,000,000+",Free,0,Everyone,Travel 
TRAVEL_AND_LOCAL,5,5150,Varies with device,"500,000+",Free,0,Everyone,Travel 
TRAVEL_AND_LOCAL,5,64713,58M,"1,000,000+",Free,0,Everyone,Travel 
TRAVEL_AND_LOCAL,5,216388,19M,"10,000,000+",Free,0,Everyone,Travel 
TRAVEL_AND_LOCAL,5,481545,29M,"10,000,000+",Free,0,Everyone,Travel 
TRAVEL_AND_LOCAL,5,6012,81M,"500,000+",Free,0,Everyone,Travel 
TRAVEL_AND_LOCAL,5,260121,Varies with device,"10,000,000+",Free,0,Everyone,Travel 
TRAVEL_AND_LOCAL,5,1830388,Varies with device,"100,000,000+",Free,0,Everyone,Travel 
TRAVEL_AND_LOCAL,5,17878,28M,"1,000,000+",Free,0,Everyone,Travel 
TRAVEL_AND_LOCAL,5,26871,Varies with device,"5,000,000+",Free,0,Everyone,Travel 
TRAVEL_AND_LOCAL,5,1162837,Varies with device,"100,000,000+",Free,0,Everyone,Travel 
TRAVEL_AND_LOCAL,5,359403,Varies with device,"10,000,000+",Free,0,Everyone,Travel 
TRAVEL_AND_LOCAL,5,9235155,Varies with device,"1,000,000,000+",Free,0,Everyone,Travel 
TRAVEL_AND_LOCAL,5,219848,Varies with device,"50,000,000+",Free,0,Everyone,Travel 
TRAVEL_AND_LOCAL,4,33782,7.6M,"5,000,000+",Free,0,Everyone,Travel 
TRAVEL_AND_LOCAL,5,192641,33M,"5,000,000+",Free,0,Everyone,Travel 
TRAVEL_AND_LOCAL,5,2338655,Varies with device,"100,000,000+",Free,0,Everyone,Travel 
TRAVEL_AND_LOCAL,5,751551,42M,"10,000,000+",Free,0,Mature 17+,Travel 
TRAVEL_AND_LOCAL,4,24781,8.3M,"5,000,000+",Free,0,Everyone,Travel 
TRAVEL_AND_LOCAL,4,32862,14M,"10,000,000+",Free,0,Everyone,Travel 
TRAVEL_AND_LOCAL,4,16101,Varies with device,"50,000,000+",Free,0,Everyone,Travel 
TRAVEL_AND_LOCAL,5,76779,Varies with device,"10,000,000+",Free,0,Everyone,Travel 
TRAVEL_AND_LOCAL,5,2129689,Varies with device,"1,000,000,000+",Free,0,Everyone,Travel 
TRAVEL_AND_LOCAL,4,98585,37M,"10,000,000+",Free,0,Everyone,Travel 
TRAVEL_AND_LOCAL,5,136633,14M,"10,000,000+",Free,0,Everyone,Travel 
TRAVEL_AND_LOCAL,5,459851,Varies with device,"10,000,000+",Free,0,Everyone,Travel 
TRAVEL_AND_LOCAL,4,5572,21M,"1,000,000+",Free,0,Everyone,Travel 
TRAVEL_AND_LOCAL,4,16815,28M,"1,000,000+",Free,0,Everyone,Travel 
TRAVEL_AND_LOCAL,4,2277,27M,"1,000,000+",Free,0,Everyone,Travel 
TRAVEL_AND_LOCAL,5,45562,Varies with device,"5,000,000+",Free,0,Everyone,Travel 
TRAVEL_AND_LOCAL,4,285,39M,"500,000+",Free,0,Everyone,Travel 
TRAVEL_AND_LOCAL,5,1162838,Varies with device,"100,000,000+",Free,0,Everyone,Travel 
TRAVEL_AND_LOCAL,4,256,17M,"100,000+",Free,0,Everyone,Travel 
TRAVEL_AND_LOCAL,3,2750,39M,"5,000,000+",Free,0,Everyone,Travel 
TRAVEL_AND_LOCAL,4,7081,51M,"1,000,000+",Free,0,Everyone,Travel 
TRAVEL_AND_LOCAL,5,17882,86M,"1,000,000+",Free,0,Everyone,Travel 
TRAVEL_AND_LOCAL,4,421800,Varies with device,"10,000,000+",Free,0,Teen,Travel 
TRAVEL_AND_LOCAL,4,43935,Varies with device,"10,000,000+",Free,0,Everyone,Travel 
TRAVEL_AND_LOCAL,5,171889,Varies with device,"10,000,000+",Free,0,Everyone,Travel 
TRAVEL_AND_LOCAL,5,251037,26M,"10,000,000+",Free,0,Everyone,Travel 
TRAVEL_AND_LOCAL,4,15750,Varies with device,"5,000,000+",Free,0,Everyone,Travel 
TRAVEL_AND_LOCAL,4,27560,46M,"5,000,000+",Free,0,Everyone,Travel 
TRAVEL_AND_LOCAL,5,481546,29M,"10,000,000+",Free,0,Everyone,Travel 
TRAVEL_AND_LOCAL,5,150932,27M,"10,000,000+",Free,0,Everyone,Travel 
TRAVEL_AND_LOCAL,5,928,14M,"1,000,000+",Free,0,Everyone,Travel 
TRAVEL_AND_LOCAL,5,768833,Varies with device,"50,000,000+",Free,0,Everyone,Travel 
TRAVEL_AND_LOCAL,4,26665,10M,"5,000,000+",Free,0,Everyone,Travel 
TRAVEL_AND_LOCAL,4,13275,71M,"1,000,000+",Free,0,Everyone,Travel 
TRAVEL_AND_LOCAL,5,48930,15M,"5,000,000+",Free,0,Everyone,Travel 
TRAVEL_AND_LOCAL,5,43054,Varies with device,"1,000,000+",Free,0,Everyone,Travel 
TRAVEL_AND_LOCAL,5,1830387,Varies with device,"100,000,000+",Free,0,Everyone,Travel 
TRAVEL_AND_LOCAL,5,15680,11M,"1,000,000+",Free,0,Everyone,Travel 
TRAVEL_AND_LOCAL,4,16980,Varies with device,"5,000,000+",Free,0,Everyone,Travel 
TRAVEL_AND_LOCAL,5,5112,62M,"1,000,000+",Free,0,Everyone,Travel 
TRAVEL_AND_LOCAL,4,30447,80M,"5,000,000+",Free,0,Everyone,Travel 
TRAVEL_AND_LOCAL,5,165299,5.4M,"10,000,000+",Free,0,Everyone,Travel 
TRAVEL_AND_LOCAL,5,620534,9.8M,"10,000,000+",Free,0,Everyone,Travel 
TRAVEL_AND_LOCAL,5,599872,Varies with device,"10,000,000+",Free,0,Everyone,Travel 
TRAVEL_AND_LOCAL,5,12564,Varies with device,"1,000,000+",Free,0,Everyone,Travel 
TRAVEL_AND_LOCAL,4,2528,Varies with device,"100,000+",Free,0,Everyone,Travel 
TRAVEL_AND_LOCAL,5,34,7.6M,"1,000+",Free,0,Everyone,Travel 
TRAVEL_AND_LOCAL,5,427,26M,"100,000+",Free,0,Everyone,Travel 
TRAVEL_AND_LOCAL,5,35560,13M,"5,000,000+",Free,0,Everyone,Travel 
TRAVEL_AND_LOCAL,5,397422,Varies with device,"10,000,000+",Free,0,Teen,Travel 
TRAVEL_AND_LOCAL,5,1162837,Varies with device,"100,000,000+",Free,0,Everyone,Travel 
TRAVEL_AND_LOCAL,5,11182,62M,"1,000,000+",Free,0,Everyone,Travel 
TRAVEL_AND_LOCAL,5,16734,10.0M,"1,000,000+",Free,0,Everyone,Travel 
TRAVEL_AND_LOCAL,5,48930,15M,"5,000,000+",Free,0,Everyone,Travel 
TRAVEL_AND_LOCAL,4,30447,80M,"5,000,000+",Free,0,Everyone,Travel 
TRAVEL_AND_LOCAL,5,136626,14M,"10,000,000+",Free,0,Everyone,Travel 
TRAVEL_AND_LOCAL,5,10035,Varies with device,"1,000,000+",Free,0,Everyone,Travel 
TRAVEL_AND_LOCAL,5,20313,57M,"100,000+",Free,0,Everyone,Travel 
TRAVEL_AND_LOCAL,5,25740,51M,"1,000,000+",Free,0,Everyone,Travel 
TRAVEL_AND_LOCAL,4,24781,8.3M,"5,000,000+",Free,0,Everyone,Travel 
TRAVEL_AND_LOCAL,5,42546,24M,"5,000,000+",Free,0,Everyone,Travel 
TRAVEL_AND_LOCAL,5,6925,Varies with device,"1,000,000+",Free,0,Everyone,Travel 
TRAVEL_AND_LOCAL,5,24281,29M,"1,000,000+",Free,0,Everyone,Travel 
TRAVEL_AND_LOCAL,5,52028,Varies with device,"5,000,000+",Free,0,Everyone,Travel 
TRAVEL_AND_LOCAL,5,18039,3.1M,"1,000,000+",Free,0,Everyone,Travel 
TRAVEL_AND_LOCAL,4,27560,46M,"5,000,000+",Free,0,Everyone,Travel 
TRAVEL_AND_LOCAL,5,22748,55M,"1,000,000+",Free,0,Everyone,Travel 
TRAVEL_AND_LOCAL,5,216388,19M,"10,000,000+",Free,0,Everyone,Travel 
TRAVEL_AND_LOCAL,4,16980,Varies with device,"5,000,000+",Free,0,Everyone,Travel 
TRAVEL_AND_LOCAL,5,47780,19M,"5,000,000+",Free,0,Everyone,Travel 
TRAVEL_AND_LOCAL,4,7705,40M,"1,000,000+",Free,0,Everyone,Travel 
TRAVEL_AND_LOCAL,5,33256,Varies with device,"1,000,000+",Free,0,Everyone,Travel 
TRAVEL_AND_LOCAL,5,481546,29M,"10,000,000+",Free,0,Everyone,Travel 
TRAVEL_AND_LOCAL,4,14544,43M,"1,000,000+",Free,0,Everyone,Travel 
TRAVEL_AND_LOCAL,5,134895,50M,"10,000,000+",Free,0,Everyone,Travel 
TRAVEL_AND_LOCAL,4,48082,Varies with device,"5,000,000+",Free,0,Everyone,Travel 
TRAVEL_AND_LOCAL,5,2419,13M,"1,000,000+",Free,0,Everyone,Travel 
TRAVEL_AND_LOCAL,5,17915,Varies with device,"1,000,000+",Free,0,Everyone,Travel 
TRAVEL_AND_LOCAL,5,61776,Varies with device,"1,000,000+",Free,0,Teen,Travel 
TRAVEL_AND_LOCAL,5,10323,Varies with device,"1,000,000+",Free,0,Everyone,Travel 
TRAVEL_AND_LOCAL,5,48930,15M,"5,000,000+",Free,0,Everyone,Travel 
TRAVEL_AND_LOCAL,5,1609,4.0M,"100,000+",Free,0,Everyone,Travel 
TRAVEL_AND_LOCAL,5,219848,Varies with device,"50,000,000+",Free,0,Everyone,Travel 
TRAVEL_AND_LOCAL,5,136626,14M,"10,000,000+",Free,0,Everyone,Travel 
TRAVEL_AND_LOCAL,5,30403,Varies with device,"5,000,000+",Free,0,Everyone,Travel 
TRAVEL_AND_LOCAL,5,216388,19M,"10,000,000+",Free,0,Everyone,Travel 
TRAVEL_AND_LOCAL,5,33256,Varies with device,"1,000,000+",Free,0,Everyone,Travel 
TRAVEL_AND_LOCAL,5,481546,29M,"10,000,000+",Free,0,Everyone,Travel 
TRAVEL_AND_LOCAL,5,18622,44M,"1,000,000+",Free,0,Everyone,Travel 
TRAVEL_AND_LOCAL,5,8258,22M,"1,000,000+",Free,0,Everyone,Travel 
TRAVEL_AND_LOCAL,5,260133,Varies with device,"10,000,000+",Free,0,Everyone,Travel 
TRAVEL_AND_LOCAL,5,1830388,Varies with device,"100,000,000+",Free,0,Everyone,Travel 
TRAVEL_AND_LOCAL,5,57573,Varies with device,"5,000,000+",Free,0,Everyone,Travel 
TRAVEL_AND_LOCAL,5,17878,28M,"1,000,000+",Free,0,Everyone,Travel 
TRAVEL_AND_LOCAL,5,1162837,Varies with device,"100,000,000+",Free,0,Everyone,Travel 
TRAVEL_AND_LOCAL,5,359560,Varies with device,"10,000,000+",Free,0,Everyone,Travel 
TRAVEL_AND_LOCAL,5,17202,12M,"5,000,000+",Free,0,Everyone,Travel 
TRAVEL_AND_LOCAL,5,263525,Varies with device,"10,000,000+",Free,0,Everyone,Travel 
TRAVEL_AND_LOCAL,5,14114,46M,"1,000,000+",Free,0,Everyone,Travel 
TRAVEL_AND_LOCAL,5,890,7.6M,"100,000+",Free,0,Everyone,Action
TRAVEL_AND_LOCAL,5,7153,Varies with device,"1,000,000+",Free,0,Everyone,Travel 
TRAVEL_AND_LOCAL,5,481546,29M,"10,000,000+",Free,0,Everyone,Travel 
TRAVEL_AND_LOCAL,5,57573,Varies with device,"5,000,000+",Free,0,Everyone,Travel 
TRAVEL_AND_LOCAL,5,9235373,Varies with device,"1,000,000,000+",Free,0,Everyone,Travel 
TRAVEL_AND_LOCAL,5,149723,4.1M,"10,000,000+",Free,0,Everyone,Travel 
TRAVEL_AND_LOCAL,5,6762,8.5M,"1,000,000+",Free,0,Everyone,Travel 
TRAVEL_AND_LOCAL,5,120373,31M,"5,000,000+",Free,0,Everyone,Travel 
TRAVEL_AND_LOCAL,5,40225,4.1M,"1,000,000+",Free,0,Everyone,Travel 
TRAVEL_AND_LOCAL,5,42849,Varies with device,"1,000,000+",Free,0,Everyone,Travel 
TRAVEL_AND_LOCAL,5,9971,22M,"500,000+",Free,0,Teen,Travel 
TRAVEL_AND_LOCAL,4,5960,Varies with device,"500,000+",Free,0,Everyone,Travel 
TRAVEL_AND_LOCAL,5,18294,28M,"1,000,000+",Free,0,Everyone,Travel 
TRAVEL_AND_LOCAL,5,2129707,Varies with device,"1,000,000,000+",Free,0,Everyone,Travel 
NEWS_AND_MAGAZINES,5,158196,Varies with device,"10,000,000+",Free,0,Everyone,News 
NEWS_AND_MAGAZINES,5,26411,26M,"1,000,000+",Free,0,Everyone,News 
NEWS_AND_MAGAZINES,5,29706,11M,"1,000,000+",Free,0,Teen,News 
NEWS_AND_MAGAZINES,5,83558,Varies with device,"5,000,000+",Free,0,Everyone,News 
NEWS_AND_MAGAZINES,4,6066,56M,"1,000,000+",Free,0,Everyone,News 
NEWS_AND_MAGAZINES,4,54256,Varies with device,"5,000,000+",Free,0,Everyone,News 
NEWS_AND_MAGAZINES,5,355921,17M,"10,000,000+",Free,0,Teen,News 
NEWS_AND_MAGAZINES,5,37882,9.1M,"1,000,000+",Free,0,Teen,News 
NEWS_AND_MAGAZINES,5,190888,11M,"10,000,000+",Free,0,Teen,News 
NEWS_AND_MAGAZINES,5,948198,Varies with device,"50,000,000+",Free,0,Teen,News 
NEWS_AND_MAGAZINES,5,9548,15M,"1,000,000+",Free,0,Everyone,News 
NEWS_AND_MAGAZINES,5,1071,9.7M,"500,000+",Free,0,Everyone,News 
NEWS_AND_MAGAZINES,4,11908,5.5M,"1,000,000+",Free,0,Everyone,News 
NEWS_AND_MAGAZINES,5,185058,6.7M,"10,000,000+",Free,0,Teen,News 
NEWS_AND_MAGAZINES,5,697212,Varies with device,"10,000,000+",Free,0,Mature 17+,News 
NEWS_AND_MAGAZINES,5,978,2.9M,"100,000+",Free,0,Everyone,News 
NEWS_AND_MAGAZINES,4,877635,13M,"1,000,000,000+",Free,0,Teen,News 
NEWS_AND_MAGAZINES,5,51684,8.5M,"10,000,000+",Free,0,Teen,News 
NEWS_AND_MAGAZINES,5,175110,25M,"10,000,000+",Free,0,Mature 17+,News 
NEWS_AND_MAGAZINES,5,11667403,Varies with device,"500,000,000+",Free,0,Mature 17+,News 
NEWS_AND_MAGAZINES,5,357944,12M,"10,000,000+",Free,0,Everyone,News 
NEWS_AND_MAGAZINES,4,735,6.3M,"500,000+",Free,0,Everyone,News 
NEWS_AND_MAGAZINES,5,2543,6.3M,"500,000+",Free,0,Everyone,News 
NEWS_AND_MAGAZINES,4,13950,Varies with device,"1,000,000+",Free,0,Mature 17+,News 
NEWS_AND_MAGAZINES,5,21147,9.0M,"5,000,000+",Free,0,Teen,News 
NEWS_AND_MAGAZINES,4,41490,25M,"5,000,000+",Free,0,Teen,News 
NEWS_AND_MAGAZINES,5,2090,4.6M,"50,000+",Free,0,Everyone,News 
NEWS_AND_MAGAZINES,5,44274,8.0M,"1,000,000+",Free,0,Everyone,News 
NEWS_AND_MAGAZINES,4,7006,23M,"1,000,000+",Free,0,Everyone,News 
NEWS_AND_MAGAZINES,5,2959,9.8M,"1,000,000+",Free,0,Everyone,News 
NEWS_AND_MAGAZINES,5,40167,8.7M,"1,000,000+",Free,0,Everyone,News 
NEWS_AND_MAGAZINES,4,4332,12M,"1,000,000+",Free,0,Everyone,News 
NEWS_AND_MAGAZINES,4,10382,Varies with device,"1,000,000+",Free,0,Everyone,News 
NEWS_AND_MAGAZINES,5,413999,10M,"5,000,000+",Free,0,Teen,News 
NEWS_AND_MAGAZINES,5,66978,Varies with device,"1,000,000+",paid,0,Teen,News 
NEWS_AND_MAGAZINES,5,66384,19M,"1,000,000+",paid,0,Teen,News 
NEWS_AND_MAGAZINES,5,17703,6.6M,"500,000+",paid,0,Teen,News 
NEWS_AND_MAGAZINES,4,32121,Varies with device,"1,000,000+",paid,0,Everyone,News 
NEWS_AND_MAGAZINES,5,350,14M,"10,000+",paid,0,Everyone,News 
NEWS_AND_MAGAZINES,5,74425,8.6M,"1,000,000+",paid,0,Everyone,News 
NEWS_AND_MAGAZINES,4,877635,13M,"1,000,000,000+",paid,0,Teen,News 
NEWS_AND_MAGAZINES,5,131028,13M,"5,000,000+",paid,0,Teen,News 
NEWS_AND_MAGAZINES,4,3311,10M,"100,000+",paid,0,Everyone,News 
NEWS_AND_MAGAZINES,4,1380,Varies with device,"100,000+",paid,0,Everyone,News 
NEWS_AND_MAGAZINES,5,185884,7.5M,"1,000,000+",paid,0,Mature 17+,News 
NEWS_AND_MAGAZINES,5,247992,22M,"5,000,000+",paid,0,Teen,News 
NEWS_AND_MAGAZINES,4,6105,Varies with device,"100,000+",paid,0,Teen,News 
NEWS_AND_MAGAZINES,5,30722,Varies with device,"1,000,000+",paid,0,Teen,News 
NEWS_AND_MAGAZINES,5,56524,14M,"1,000,000+",paid,0,Teen,News 
NEWS_AND_MAGAZINES,4,24790,Varies with device,"1,000,000+",paid,0,Everyone,News 
NEWS_AND_MAGAZINES,5,61692,27M,"10,000,000+",paid,0,Everyone,News 
NEWS_AND_MAGAZINES,5,62740,8.6M,"500,000+",paid,0,Mature 17+,News 
NEWS_AND_MAGAZINES,5,479594,18M,"10,000,000+",paid,0,Teen,News 
NEWS_AND_MAGAZINES,5,11667403,Varies with device,"500,000,000+",paid,0,Mature 17+,News 
NEWS_AND_MAGAZINES,5,233305,3.1M,"10,000,000+",paid,0,Everyone,News 
NEWS_AND_MAGAZINES,4,80368,Varies with device,"10,000,000+",paid,0,Everyone,News 
NEWS_AND_MAGAZINES,4,24790,Varies with device,"1,000,000+",paid,0,Everyone,News 
NEWS_AND_MAGAZINES,4,13217,8.8M,"1,000,000+",paid,0,Teen,News 
NEWS_AND_MAGAZINES,5,256680,12M,"10,000,000+",paid,0,Everyone,News 
NEWS_AND_MAGAZINES,4,877643,13M,"1,000,000,000+",paid,0,Teen,News 
NEWS_AND_MAGAZINES,5,103074,Varies with device,"1,000,000+",paid,0,Mature 17+,News 
NEWS_AND_MAGAZINES,5,131028,13M,"5,000,000+",paid,0,Teen,News 
SOCIAL,4,17000166,Varies with device,"500,000,000+",paid,0,Teen,Social
SOCIAL,5,66509917,Varies with device,"1,000,000,000+",paid,0,Teen,Social
SOCIAL,5,78128208,Varies with device,"1,000,000,000+",paid,0,Teen,Social
SOCIAL,5,5637451,59M,"100,000,000+",paid,0,Teen,Social
SOCIAL,5,12495,19M,"1,000,000+",paid,0,Mature 17+,Social
SOCIAL,5,2349421,39M,"100,000,000+",paid,0,Teen,Social
TRAVEL_AND_LOCAL,2,83,6.7M,"50,000+",paid,0,Everyone,Travel 
NEWS_AND_MAGAZINES,4,15443,25M,"1,000,000+",paid,0,Teen,News 
SOCIAL,5,17350,12M,"500,000+",paid,0,Everyone,Social
TRAVEL_AND_LOCAL,5,15209,Varies with device,"100,000+",paid,5,Everyone,Travel 
SOCIAL,5,4300936,Varies with device,"100,000,000+",paid,0,Teen,Social
TRAVEL_AND_LOCAL,5,9231613,Varies with device,"1,000,000,000+",paid,0,Everyone,Travel 
SOCIAL,5,8595964,Varies with device,"500,000,000+",paid,0,Teen,Social
NEWS_AND_MAGAZINES,5,11657972,Varies with device,"500,000,000+",paid,0,Mature 17+,News 
SOCIAL,5,4828372,Varies with device,"1,000,000,000+",paid,0,Teen,Social
SOCIAL,5,120,2.3M,"10,000+",paid,0,Teen,Social
SOCIAL,5,1175188,Varies with device,"50,000,000+",paid,0,Mature 17+,Social
SOCIAL,5,83474,Varies with device,"5,000,000+",paid,0,Everyone,Social
SOCIAL,4,80987,25M,"5,000,000+",paid,0,Teen,Social
SOCIAL,5,896118,6.6M,"5,000,000+",paid,0,Everyone,Social
SOCIAL,5,90082,8.8M,"1,000,000+",paid,0,Everyone,Social
SOCIAL,4,185,4.7M,"10,000+",paid,0,Teen,Social
SOCIAL,5,4046,63M,"100,000+",paid,0,Teen,Social
SOCIAL,5,19047,63M,"100,000+",paid,0,Teen,Social
SOCIAL,5,456866,Varies with device,"10,000,000+",paid,0,Teen,Social
SOCIAL,5,5677,67M,"50,000+",paid,0,Teen,Social
NEWS_AND_MAGAZINES,5,198,9.1M,"10,000+",paid,0,Everyone,News 
SOCIAL,4,826,5.1M,"500,000+",paid,0,Teen,Social
SOCIAL,5,86956,24M,"1,000,000+",paid,0,Mature 17+,Social
NEWS_AND_MAGAZINES,5,143,26M,"5,000+",paid,5,Mature 17+,News 
SOCIAL,5,313403,Varies with device,"10,000,000+",paid,0,Teen,Social
SOCIAL,5,144,12M,"1,000+",paid,0,Teen,Social
SOCIAL,5,2953886,Varies with device,"100,000,000+",paid,0,Mature 17+,Social
NEWS_AND_MAGAZINES,5,174827,25M,"10,000,000+",paid,0,Mature 17+,News 
SOCIAL,5,67611,21M,"1,000,000+",paid,0,Mature 17+,Social
TRAVEL_AND_LOCAL,4,852,37M,"100,000+",paid,0,Everyone,Travel 
TRAVEL_AND_LOCAL,3,331,7.8M,"50,000+",paid,0,Everyone,Travel 
SOCIAL,5,568,27M,"100,000+",paid,0,Mature 17+,Social
SOCIAL,4,712,21M,"100,000+",paid,0,Teen,Social
SOCIAL,5,241,7.5M,"10,000+",paid,0,Teen,Social
SOCIAL,5,4435,5.4M,"100,000+",paid,0,Mature 17+,Social
SOCIAL,5,903,4.6M,"1,000,000+",paid,0,Teen,Social
SOCIAL,5,594,3.6M,"1,000+",paid,0,Everyone,Social
SOCIAL,5,175523,Varies with device,"10,000,000+",paid,0,Mature 17+,Social
SOCIAL,4,38,1.5M,"1,000+",paid,5,Everyone,Social
SOCIAL,5,637254,Varies with device,"10,000,000+",paid,0,Teen,Social
TRAVEL_AND_LOCAL,5,1162331,Varies with device,"100,000,000+",paid,0,Everyone,Travel 
SOCIAL,5,70449,Varies with device,"5,000,000+",paid,0,Teen,Social
TRAVEL_AND_LOCAL,4,875,21M,"100,000+",paid,0,Everyone,Travel 
SOCIAL,5,695576,Varies with device,"50,000,000+",paid,0,Everyone,Social
NEWS_AND_MAGAZINES,4,10369,Varies with device,"1,000,000+",paid,0,Everyone,News 
SOCIAL,5,204,9.4M,"5,000+",paid,4,Everyone,Social
TRAVEL_AND_LOCAL,4,194,Varies with device,"10,000+",paid,0,Everyone,Travel 
NEWS_AND_MAGAZINES,5,210,18M,"10,000+",paid,0,Everyone,News 
NEWS_AND_MAGAZINES,5,20,3.1M,"5,000+",paid,0,Everyone,News 
NEWS_AND_MAGAZINES,5,46,46M,"1,000+",paid,0,Everyone,News 
SOCIAL,5,30,13M,100+,paid,0,Teen,Social
NEWS_AND_MAGAZINES,5,43,2.3M,100+,paid,0,Everyone,News 
SOCIAL,4,3,7.9M,100+,paid,0,Everyone,Social
SOCIAL,5,3873,63M,"10,000+",paid,0,Teen,Social
TRAVEL_AND_LOCAL,5,71,28M,"10,000+",paid,0,Everyone,Travel 
TRAVEL_AND_LOCAL,5,1291,40M,"50,000+",paid,0,Everyone,Travel 
NEWS_AND_MAGAZINES,5,24456,Varies with device,"1,000,000+",paid,0,Everyone,News 
NEWS_AND_MAGAZINES,5,13620,9.0M,"500,000+",paid,0,Everyone,News 
TRAVEL_AND_LOCAL,4,39,12M,"10,000+",paid,0,Everyone,Travel 
TRAVEL_AND_LOCAL,5,68,4.2M,"10,000+",paid,0,Everyone,Travel 
NEWS_AND_MAGAZINES,4,4581,21M,"100,000+",paid,0,Everyone,News 
NEWS_AND_MAGAZINES,5,327,31M,"10,000+",paid,0,Everyone,News 
SOCIAL,5,315390,Varies with device,"10,000,000+",paid,0,Everyone,Social
SOCIAL,5,228737,Varies with device,"10,000,000+",paid,0,Everyone,Social
SOCIAL,5,41269,Varies with device,"1,000,000+",paid,0,Mature 17+,Social
TRAVEL_AND_LOCAL,4,64164,3.6M,"10,000,000+",paid,0,Everyone,Travel 
SOCIAL,3,5,2.6M,"1,000+",paid,0,Teen,Social
SOCIAL,5,16801,Varies with device,"1,000,000+",paid,0,Everyone,Social
TRAVEL_AND_LOCAL,4,25,43M,"5,000+",paid,0,Everyone,Travel 
TRAVEL_AND_LOCAL,5,57556,Varies with device,"5,000,000+",paid,0,Everyone,Travel 
SOCIAL,5,5369,63M,"50,000+",paid,0,Teen,Social
SOCIAL,4,58,15M,"10,000+",paid,0,Everyone,Social
NEWS_AND_MAGAZINES,5,48,4.1M,"1,000+",paid,0,Everyone,News 
NEWS_AND_MAGAZINES,5,697,5.7M,"50,000+",paid,0,Everyone,News 
NEWS_AND_MAGAZINES,5,9,17M,500+,paid,0,Everyone,News 
NEWS_AND_MAGAZINES,5,1948,Varies with device,"100,000+",paid,0,Everyone,News 
NEWS_AND_MAGAZINES,5,2808,Varies with device,"100,000+",paid,0,Everyone,News 
TRAVEL_AND_LOCAL,5,201,45M,"10,000+",paid,0,Everyone,Travel 
TRAVEL_AND_LOCAL,4,43,22M,"10,000+",paid,0,Everyone,Travel 
TRAVEL_AND_LOCAL,5,65,13M,"5,000+",paid,0,Everyone,Travel 
TRAVEL_AND_LOCAL,5,134,5.3M,"10,000+",paid,0,Everyone,Travel 
TRAVEL_AND_LOCAL,4,40,9.0M,"1,000+",paid,1,Everyone,Travel 
TRAVEL_AND_LOCAL,5,25726,51M,"1,000,000+",paid,0,Everyone,Travel 
NEWS_AND_MAGAZINES,4,677,4.4M,"10,000+",paid,0,Everyone,News 
NEWS_AND_MAGAZINES,5,27,14M,100+,paid,0,Everyone,News 
NEWS_AND_MAGAZINES,4,3647,5.7M,"100,000+",paid,0,Everyone,News 
TRAVEL_AND_LOCAL,3,862,30M,"100,000+",paid,0,Everyone,Travel 
TRAVEL_AND_LOCAL,4,16973,Varies with device,"5,000,000+",paid,0,Everyone,Travel 
TRAVEL_AND_LOCAL,5,7,17M,500+,paid,0,Everyone,Travel 
TRAVEL_AND_LOCAL,5,382,12M,"10,000+",paid,0,Everyone,Travel 
TRAVEL_AND_LOCAL,5,20,15M,"1,000+",paid,0,Everyone,Travel 
TRAVEL_AND_LOCAL,4,1,3.0M,100+,paid,0,Everyone,Travel 
NEWS_AND_MAGAZINES,5,30,3.8M,"1,000+",paid,0,Everyone,News 
SOCIAL,5,2,2.4M,500+,paid,0,Everyone,Social
NEWS_AND_MAGAZINES,5,13,2.3M,100+,paid,0,Everyone,News 
SOCIAL,5,20,1.2M,100+,paid,0,Teen,Social
SOCIAL,5,2520,12M,"100,000+",paid,0,Teen,Social
SOCIAL,5,305367,46M,"10,000,000+",paid,0,Everyone,Social
SOCIAL,5,22,11M,"1,000+",paid,0,Everyone,Social
SOCIAL,5,111,5.9M,"1,000+",paid,0,Everyone,Social
TRAVEL_AND_LOCAL,5,89,Varies with device,"1,000+",paid,0,Everyone,Travel 
TRAVEL_AND_LOCAL,5,3,2.4M,100+,paid,0,Everyone,Travel 
TRAVEL_AND_LOCAL,5,103,9.8M,"1,000+",paid,0,Everyone,Travel 
TRAVEL_AND_LOCAL,5,19,14M,500+,paid,0,Everyone,Travel 
SOCIAL,4,3640,9.1M,"500,000+",paid,0,Mature 17+,Social
NEWS_AND_MAGAZINES,5,22,25M,"1,000+",paid,0,Everyone,News 
SOCIAL,4,284795,31M,"10,000,000+",paid,0,Mature 17+,Social
SOCIAL,5,63765,11M,"1,000,000+",paid,0,Mature 17+,Social
SOCIAL,5,1259723,76M,"50,000,000+",paid,0,Mature 17+,Social
SOCIAL,4,5793284,Varies with device,"100,000,000+",paid,0,Mature 17+,Social
SOCIAL,5,549,17M,"10,000+",paid,0,Teen,Social
SOCIAL,5,308,454k,"10,000+",paid,0,Everyone,Social
TRAVEL_AND_LOCAL,5,98,2.0M,"5,000+",paid,0,Everyone,Travel 
NEWS_AND_MAGAZINES,4,533,3.8M,"50,000+",paid,0,Everyone,News 
SOCIAL,5,3781467,Varies with device,"100,000,000+",paid,0,Mature 17+,Social
SOCIAL,4,20675,96M,"1,000,000+",paid,0,Teen,Social
SOCIAL,5,51569,26M,"1,000,000+",paid,0,Teen,Social
TRAVEL_AND_LOCAL,3,69,31M,"10,000+",paid,0,Everyone,Travel 
SOCIAL,2,16,2.6M,"1,000+",paid,0,Everyone,Social
SOCIAL,5,29,2.5M,500+,paid,0,Everyone,Social
SOCIAL,5,2068,7.5M,"100,000+",paid,0,Everyone,Social
SOCIAL,5,1902,5.2M,"100,000+",paid,0,Everyone,Social
SOCIAL,5,22,8.7M,"1,000+",paid,0,Teen,Social
SOCIAL,4,32,1.6M,"10,000+",paid,4,Teen,Social
NEWS_AND_MAGAZINES,3,636,1.4M,"100,000+",paid,4,Everyone,News 
SOCIAL,5,158,26M,"50,000+",paid,4,Mature 17+,Social
TRAVEL_AND_LOCAL,3,2719,17M,"100,000+",paid,4,Teen,Travel 
TRAVEL_AND_LOCAL,4,57,32M,"10,000+",paid,4,Everyone,Travel 
TRAVEL_AND_LOCAL,4,41,23M,"10,000+",paid,4,Everyone,Travel 
SOCIAL,5,112223,34M,"1,000,000+",paid,4,Mature 17+,Social
SOCIAL,5,8,4.4M,100+,paid,4,Teen,Social
NEWS_AND_MAGAZINES,5,828,8.2M,"10,000+",paid,4,Everyone,News 
NEWS_AND_MAGAZINES,4,736,8.5M,"50,000+",paid,4,Teen,News 
NEWS_AND_MAGAZINES,3,33,33M,"1,000+",paid,2,Everyone,News 
TRAVEL_AND_LOCAL,4,421,53M,"100,000+",paid,2,Everyone,Travel 
NEWS_AND_MAGAZINES,4,262,22M,"10,000+",paid,2,Everyone,News 
NEWS_AND_MAGAZINES,5,69,25M,"5,000+",paid,2,Everyone,News 
TRAVEL_AND_LOCAL,5,60,13M,"1,000+",paid,2,Everyone,Travel 
TRAVEL_AND_LOCAL,5,46,12M,"1,000+",paid,2,Everyone,Travel 
NEWS_AND_MAGAZINES,2,23,33M,"1,000+",paid,2,Everyone,News 
TRAVEL_AND_LOCAL,5,291,14M,"10,000+",paid,2,Everyone,Travel 
TRAVEL_AND_LOCAL,4,305,5.4M,"10,000+",Free,0,Everyone,Travel 
SOCIAL,5,5,1.8M,5+,Free,0,Everyone,Social
TRAVEL_AND_LOCAL,5,47777,19M,"5,000,000+",Free,0,Everyone,Travel 
NEWS_AND_MAGAZINES,5,117,5.0M,"10,000+",Free,0,Everyone,News 
NEWS_AND_MAGAZINES,5,65,3.5M,"10,000+",Free,0,Everyone,News 
NEWS_AND_MAGAZINES,5,10,2.3M,"1,000+",Free,0,Everyone,News 
SOCIAL,4,14,Varies with device,"1,000+",Free,0,Everyone,Social
NEWS_AND_MAGAZINES,5,2746,8.7M,"100,000+",Free,0,Everyone,News 
NEWS_AND_MAGAZINES,5,12,2.9M,"5,000+",Free,0,Everyone,News 
TRAVEL_AND_LOCAL,5,213,6.1M,"5,000+",paid,2,Everyone,Travel 
NEWS_AND_MAGAZINES,4,4379,Varies with device,"1,000,000+",Free,0,Teen,News 
NEWS_AND_MAGAZINES,4,45,15M,"5,000+",Free,0,Everyone,News 
TRAVEL_AND_LOCAL,5,11514,2.2M,"500,000+",Free,0,Everyone,Travel 
NEWS_AND_MAGAZINES,5,4,10M,100+,Free,0,Everyone,News 
NEWS_AND_MAGAZINES,3,2,14M,100+,Free,0,Everyone,News 
SOCIAL,5,7,18M,100+,Free,0,Everyone,Social
TRAVEL_AND_LOCAL,5,6,2.4M,500+,Free,0,Everyone,Travel 
NEWS_AND_MAGAZINES,4,77,11M,"5,000+",Free,0,Everyone,News 
SOCIAL,5,420,18M,"50,000+",Free,0,Everyone,Social
TRAVEL_AND_LOCAL,4,19,6.5M,"1,000+",Free,0,Everyone,Travel 
SOCIAL,5,64,3.3M,"50,000+",Free,0,Teen,Social
TRAVEL_AND_LOCAL,5,15,14M,"10,000+",Free,0,Everyone,Travel 
NEWS_AND_MAGAZINES,4,24,10M,"5,000+",Free,0,Everyone,News 
NEWS_AND_MAGAZINES,3,13,4.3M,"1,000+",Free,0,Everyone,News 
TRAVEL_AND_LOCAL,4,892,70M,"50,000+",paid,2,Everyone,Travel 
NEWS_AND_MAGAZINES,2,367,6.1M,"50,000+",Free,0,Everyone,News 
NEWS_AND_MAGAZINES,5,1137,11M,"50,000+",Free,0,Everyone,News 
TRAVEL_AND_LOCAL,4,4069,50M,"1,000,000+",Free,0,Everyone,Travel 
NEWS_AND_MAGAZINES,5,27,7.1M,500+,paid,2,Everyone,News 
NEWS_AND_MAGAZINES,5,3,Varies with device,100+,paid,2,Everyone,News 
TRAVEL_AND_LOCAL,5,470,21M,"10,000+",paid,2,Everyone,Travel 
SOCIAL,4,398,2.2M,"50,000+",paid,2,Mature 17+,Social
NEWS_AND_MAGAZINES,4,2375,Varies with device,"100,000+",paid,1,Everyone,News 
SOCIAL,3,37,37M,"5,000+",paid,1,Teen,Social
SOCIAL,5,117,63M,"1,000+",paid,3,Teen,Social
TRAVEL_AND_LOCAL,5,6895,10M,"500,000+",paid,3,Everyone,Travel 
NEWS_AND_MAGAZINES,5,1440,12M,"100,000+",paid,3,Everyone,News 
TRAVEL_AND_LOCAL,4,16,18M,"5,000+",paid,3,Everyone,Travel 
TRAVEL_AND_LOCAL,5,339,10M,"5,000+",paid,4,Everyone,Travel 
SOCIAL,4,479939,15M,"10,000,000+",paid,4,Mature 17+,Social
TRAVEL_AND_LOCAL,4,58,22M,"10,000+",paid,4,Everyone,Travel 
TRAVEL_AND_LOCAL,3,122,11M,"10,000+",paid,4,Everyone,Travel 
NEWS_AND_MAGAZINES,5,53,5.9M,"10,000+",paid,4,Teen,News 
NEWS_AND_MAGAZINES,5,3,5.7M,100+,paid,4,Everyone,News 
SOCIAL,4,6450,14M,"500,000+",paid,4,Mature 17+,Social
NEWS_AND_MAGAZINES,3,81,6.7M,"10,000+",paid,4,Mature 17+,News 
SOCIAL,5,412888,35M,"10,000,000+",paid,4,Everyone,Social
SOCIAL,5,231446,5.4M,"10,000,000+",paid,4,Everyone,Social
SOCIAL,5,216513,Varies with device,"5,000,000+",paid,4,Mature 17+,Social
TRAVEL_AND_LOCAL,2,9,70M,"1,000+",paid,4,Everyone,Travel 
SOCIAL,4,2111,11M,"100,000+",paid,5,Mature 17+,Social
SOCIAL,5,65,7.1M,500+,paid,5,Teen,Social
SOCIAL,5,3,5.3M,100+,paid,5,Teen,Social
SOCIAL,5,40467,22M,"1,000,000+",paid,5,Everyone,Social
SOCIAL,3,90,30M,"10,000+",paid,5,Mature 17+,Social
SOCIAL,4,55,3.7M,"5,000+",paid,5,Teen,Social
SOCIAL,4,44,6.3M,"1,000+",paid,5,Teen,Social
SOCIAL,4,6,458k,100+,paid,5,Everyone,Social
SOCIAL,5,5985,5.9M,"500,000+",paid,5,Everyone,Social
NEWS_AND_MAGAZINES,4,78,17M,"10,000+",paid,5,Everyone,News 
NEWS_AND_MAGAZINES,3,61,4.1M,"10,000+",paid,5,Everyone,News 
NEWS_AND_MAGAZINES,5,18,1.8M,100+,paid,5,Everyone,News 
SOCIAL,5,20,4.2M,10+,paid,5,Teen,Social
NEWS_AND_MAGAZINES,3,2055,17M,"100,000+",paid,5,Everyone,News 
NEWS_AND_MAGAZINES,4,794,15M,"100,000+",paid,5,Everyone,News 
NEWS_AND_MAGAZINES,5,905,4.0M,"50,000+",paid,2,Everyone,News 
NEWS_AND_MAGAZINES,3,820,Varies with device,"100,000+",paid,2,Everyone,News 
SOCIAL,5,787,6.9M,"100,000+",paid,2,Everyone,Social
SOCIAL,5,39,12M,"5,000+",paid,2,Everyone,Social
SOCIAL,5,48,11M,"5,000+",paid,2,Everyone,Social
SOCIAL,5,56,10M,"5,000+",paid,2,Everyone,Social
SOCIAL,5,93,5.6M,"10,000+",paid,2,Teen,Social
SOCIAL,5,38,4.1M,"5,000+",paid,2,Everyone,Social
SOCIAL,5,39,11M,"5,000+",paid,2,Everyone,Social
SOCIAL,5,12111,9.1M,"500,000+",paid,2,Everyone,Social
NEWS_AND_MAGAZINES,4,124,12M,"10,000+",paid,2,Everyone,News 
TRAVEL_AND_LOCAL,5,41,2.0M,"10,000+",paid,2,Everyone,Travel 
SOCIAL,5,6,2.7M,100+,paid,2,Everyone,Social
TRAVEL_AND_LOCAL,5,14,4.0M,"1,000+",paid,2,Everyone,Travel 
NEWS_AND_MAGAZINES,5,322,31M,"10,000+",paid,2,Everyone,News 
NEWS_AND_MAGAZINES,5,25,6.3M,"1,000+",paid,2,Everyone,News 
NEWS_AND_MAGAZINES,5,386,6.0M,"50,000+",paid,2,Everyone,News 
NEWS_AND_MAGAZINES,5,9,6.3M,"1,000+",paid,2,Everyone,News 
NEWS_AND_MAGAZINES,5,11,4.4M,"1,000+",paid,2,Everyone,News 
NEWS_AND_MAGAZINES,5,10,6.3M,"1,000+",paid,2,Everyone,News 
NEWS_AND_MAGAZINES,5,3375,4.2M,"100,000+",paid,1,Everyone,News 
TRAVEL_AND_LOCAL,4,35,13M,"10,000+",paid,1,Everyone,Travel 
NEWS_AND_MAGAZINES,5,171,4.8M,"10,000+",paid,1,Everyone,News 
NEWS_AND_MAGAZINES,5,2318,4.5M,"100,000+",paid,1,Everyone,News 
TRAVEL_AND_LOCAL,5,289,9.8M,"10,000+",paid,1,Everyone,Travel 
TRAVEL_AND_LOCAL,5,57,7.0M,"1,000+",paid,1,Everyone,Travel 
NEWS_AND_MAGAZINES,4,146,3.0M,"10,000+",paid,1,Everyone,News 
TRAVEL_AND_LOCAL,4,114,10M,"10,000+",paid,1,Everyone,Travel 
TRAVEL_AND_LOCAL,3,12,12M,"1,000+",paid,1,Everyone,Travel 
TRAVEL_AND_LOCAL,4,97,16M,"10,000+",paid,1,Everyone,Travel 
SOCIAL,4,23,16M,"5,000+",paid,1,Everyone,Social
SOCIAL,5,3,2.4M,50+,paid,1,Teen,Social
SOCIAL,5,5,3.0M,100+,paid,1,Teen,Social
TRAVEL_AND_LOCAL,2,23,43M,"1,000+",paid,1,Everyone,Travel 
TRAVEL_AND_LOCAL,5,105,5.0M,"10,000+",paid,2,Everyone,Travel 
SOCIAL,5,8369,63M,"50,000+",paid,2,Teen,Social
NEWS_AND_MAGAZINES,5,20620,Varies with device,"1,000,000+",paid,2,Everyone,News 
NEWS_AND_MAGAZINES,5,34,3.8M,"1,000+",paid,2,Everyone,News 
NEWS_AND_MAGAZINES,5,10,5.0M,100+,paid,2,Everyone,News 
NEWS_AND_MAGAZINES,4,4,5.3M,100+,paid,2,Everyone,News 
NEWS_AND_MAGAZINES,4,33,280k,"1,000+",paid,2,Everyone,News 
TRAVEL_AND_LOCAL,5,22776,55M,"1,000,000+",paid,2,Everyone,Travel 
SOCIAL,5,725,3.7M,"10,000+",paid,2,Teen,Social
SOCIAL,5,2,1.8M,10+,paid,2,Teen,Social
SOCIAL,5,17,5.1M,"1,000+",paid,2,Teen,Social
TRAVEL_AND_LOCAL,4,1563,36M,"100,000+",paid,2,Everyone,Travel 
TRAVEL_AND_LOCAL,4,595,22M,"100,000+",paid,2,Everyone,Travel 
NEWS_AND_MAGAZINES,4,2436,Varies with device,"100,000+",paid,2,Everyone,News 
TRAVEL_AND_LOCAL,5,221,33M,"10,000+",paid,2,Everyone,Travel 
NEWS_AND_MAGAZINES,5,291901,4.3M,"10,000,000+",paid,2,Mature 17+,News 
TRAVEL_AND_LOCAL,4,58,18k,"5,000+",paid,2,Everyone,Travel 
NEWS_AND_MAGAZINES,5,93708,Varies with device,"5,000,000+",paid,2,Everyone,News 
NEWS_AND_MAGAZINES,5,273,6.3M,"10,000+",paid,2,Everyone,News 
NEWS_AND_MAGAZINES,5,58,3.8M,500+,paid,3,Everyone,News 
NEWS_AND_MAGAZINES,5,39,4.2M,"5,000+",paid,3,Everyone,News 
TRAVEL_AND_LOCAL,5,932870,Varies with device,"50,000,000+",paid,3,Everyone,Travel 
SOCIAL,5,3782,63M,"50,000+",paid,3,Teen,Social
TRAVEL_AND_LOCAL,5,2339098,Varies with device,"100,000,000+",paid,3,Everyone,Travel 
NEWS_AND_MAGAZINES,4,878065,13M,"1,000,000,000+",paid,3,Teen,News 
SOCIAL,4,163679,Varies with device,"5,000,000+",paid,3,Mature 17+,Social
NEWS_AND_MAGAZINES,5,522205,Varies with device,"10,000,000+",paid,3,Everyone,News 
SOCIAL,5,1264084,62M,"10,000,000+",paid,3,Teen,Social
TRAVEL_AND_LOCAL,5,193364,33M,"5,000,000+",paid,3,Everyone,Travel 
TRAVEL_AND_LOCAL,5,556,4.4M,"50,000+",paid,3,Everyone,Travel 
TRAVEL_AND_LOCAL,4,39,32M,"1,000+",paid,3,Everyone,Travel 
TRAVEL_AND_LOCAL,4,442,2.5M,"50,000+",paid,3,Everyone,Travel 
TRAVEL_AND_LOCAL,5,1865,22M,"100,000+",paid,3,Everyone,Travel 
SOCIAL,4,9,21M,"1,000+",paid,3,Teen,Social
NEWS_AND_MAGAZINES,5,67,12M,"1,000+",paid,3,Everyone,News 
NEWS_AND_MAGAZINES,4,2,12M,50+,paid,3,Everyone,News 
TRAVEL_AND_LOCAL,5,238,67M,"10,000+",paid,3,Everyone,Travel 
TRAVEL_AND_LOCAL,5,75,19M,"1,000+",paid,3,Everyone,Travel 
TRAVEL_AND_LOCAL,5,2649,25M,"500,000+",paid,3,Everyone,Travel 
TRAVEL_AND_LOCAL,5,2822,27M,"100,000+",paid,3,Everyone,Travel 
NEWS_AND_MAGAZINES,4,1032,Varies with device,"100,000+",paid,3,Everyone,News 
NEWS_AND_MAGAZINES,4,66,12M,"10,000+",paid,3,Everyone,News 
NEWS_AND_MAGAZINES,4,1820,Varies with device,"100,000+",paid,3,Everyone,News 
SOCIAL,5,3071,63M,"10,000+",paid,3,Teen,Social
NEWS_AND_MAGAZINES,4,509,Varies with device,"50,000+",paid,3,Everyone,News 
TRAVEL_AND_LOCAL,5,77585,Varies with device,"10,000,000+",paid,3,Everyone,Travel 
TRAVEL_AND_LOCAL,5,1090,Varies with device,"10,000+",paid,3,Everyone,Travel 
TRAVEL_AND_LOCAL,5,3674,61M,"500,000+",paid,3,Everyone,Travel 
SOCIAL,5,34079,1.3M,"1,000,000+",paid,3,Teen,Social
TRAVEL_AND_LOCAL,4,86,39M,"10,000+",paid,3,Everyone,Travel 
SOCIAL,5,49580,4.0M,"10,000,000+",paid,3,Everyone,Social
SOCIAL,5,22650,1.5M,"1,000,000+",paid,3,Everyone,Social
SOCIAL,5,38826,7.0M,"10,000,000+",paid,3,Everyone,Social
SOCIAL,5,3895,Varies with device,"1,000,000+",paid,3,Teen,Social
SOCIAL,5,9562,5.8M,"500,000+",paid,3,Teen,Social
SOCIAL,5,42621,23M,"1,000,000+",paid,3,Teen,Social
SOCIAL,5,24456,4.6M,"1,000,000+",paid,3,Teen,Social
SOCIAL,4,10743,Varies with device,"500,000+",paid,3,Teen,Social
SOCIAL,5,37090,4.8M,"500,000+",paid,3,Teen,Social
SOCIAL,5,5285,4.0M,"500,000+",paid,3,Everyone,Social
SOCIAL,5,68025,3.9M,"10,000,000+",paid,3,Everyone,Social
SOCIAL,5,214,8.7M,"10,000+",paid,3,Teen,Social
SOCIAL,5,273244,9.9M,"5,000,000+",paid,3,Everyone,Social
SOCIAL,4,3047,1.5M,"100,000+",paid,3,Teen,Social
SOCIAL,5,9606,3.4M,"100,000+",paid,3,Teen,Social
SOCIAL,5,1236,3.3M,"100,000+",paid,3,Teen,Social
SOCIAL,4,40,1.5M,"5,000+",paid,3,Everyone,Social
SOCIAL,5,11066,10M,"1,000,000+",paid,3,Everyone,Social
SOCIAL,4,108,2.8M,"10,000+",paid,3,Teen,Social
SOCIAL,5,260,1.3M,"10,000+",paid,3,Teen,Social
SOCIAL,4,19,15M,"5,000+",paid,3,Teen,Social
SOCIAL,4,44,2.8M,"10,000+",paid,3,Mature 17+,Social
SOCIAL,5,795,21M,"50,000+",paid,3,Teen,Social
NEWS_AND_MAGAZINES,5,4,3.1M,100+,paid,3,Everyone,News 
NEWS_AND_MAGAZINES,5,104,3.0M,"10,000+",paid,3,Everyone,News 
NEWS_AND_MAGAZINES,4,183,7.1M,"10,000+",paid,3,Everyone,News 
NEWS_AND_MAGAZINES,5,25,17M,"1,000+",paid,3,Everyone,News 
TRAVEL_AND_LOCAL,5,10,8.0M,500+,paid,3,Everyone,Travel 
TRAVEL_AND_LOCAL,4,871,45M,"100,000+",paid,3,Everyone,Travel 
NEWS_AND_MAGAZINES,5,146,7.1M,"10,000+",paid,3,Everyone,News 
TRAVEL_AND_LOCAL,4,11,86M,"1,000+",paid,3,Everyone,Travel 
TRAVEL_AND_LOCAL,5,100,13M,"5,000+",paid,3,Everyone,Travel 
NEWS_AND_MAGAZINES,5,763,2.2M,"100,000+",paid,3,Everyone,News 
TRAVEL_AND_LOCAL,5,92,20M,"10,000+",paid,3,Everyone,Travel 
TRAVEL_AND_LOCAL,4,80,37M,"10,000+",paid,3,Everyone,Travel 
NEWS_AND_MAGAZINES,5,76,7.8M,"5,000+",paid,3,Everyone,News 
NEWS_AND_MAGAZINES,5,75,8.1M,"5,000+",paid,3,Everyone,News 
NEWS_AND_MAGAZINES,5,14221,1.8M,"1,000,000+",paid,3,Teen,News 
NEWS_AND_MAGAZINES,4,133,14M,"10,000+",paid,3,Everyone,News 
TRAVEL_AND_LOCAL,5,3,12M,100+,paid,3,Everyone,Travel 
TRAVEL_AND_LOCAL,4,144,8.7M,"10,000+",paid,3,Everyone,Travel 
TRAVEL_AND_LOCAL,5,8,18M,"1,000+",paid,3,Everyone,Travel 
NEWS_AND_MAGAZINES,5,89,5.7M,"5,000+",paid,3,Everyone,News 
NEWS_AND_MAGAZINES,5,3320,14M,"100,000+",paid,3,Everyone,News 
NEWS_AND_MAGAZINES,5,66407,19M,"1,000,000+",paid,3,Teen,News 
SOCIAL,5,2093,7.0M,"100,000+",paid,3,Teen,Social
NEWS_AND_MAGAZINES,5,2207,9.8M,"100,000+",paid,3,Everyone,News 
SOCIAL,5,19,3.1M,"1,000+",paid,3,Everyone,Social
SOCIAL,5,68358,7.2M,"5,000,000+",paid,3,Mature 17+,Social
SOCIAL,4,622,Varies with device,"100,000+",Free,0,Mature 17+,Social
SOCIAL,5,2036,6.8M,"100,000+",Free,0,Everyone,Social
SOCIAL,4,88486,Varies with device,"5,000,000+",Free,0,Mature 17+,Social
NEWS_AND_MAGAZINES,4,881,2.3M,"100,000+",Free,0,Everyone,News 
